date,A1,R1,M1,P1,D1
1/2/1995,1.127,1.079,1.17,1.272,1.104
1/9/1995,1.134,1.086,1.177,1.279,1.102
1/16/1995,1.126,1.078,1.168,1.271,1.1
1/23/1995,1.132,1.083,1.177,1.277,1.095
1/30/1995,1.131,1.083,1.176,1.275,1.09
2/6/1995,1.124,1.076,1.169,1.27,1.086
2/13/1995,1.121,1.074,1.166,1.265,1.088
2/20/1995,1.115,1.067,1.16,1.259,1.088
2/27/1995,1.121,1.073,1.164,1.265,1.089
3/6/1995,1.123,1.076,1.167,1.263,1.089
3/13/1995,1.116,1.069,1.158,1.256,1.088
3/20/1995,1.114,1.068,1.158,1.254,1.085
3/27/1995,1.121,1.075,1.162,1.259,1.088
4/3/1995,1.133,1.087,1.174,1.27,1.094
4/10/1995,1.149,1.103,1.19,1.286,1.101
4/17/1995,1.163,1.117,1.205,1.3,1.106
4/24/1995,1.184,1.138,1.226,1.323,1.115
5/1/1995,1.194,1.148,1.236,1.332,1.119
5/8/1995,1.216,1.169,1.259,1.356,1.126
5/15/1995,1.226,1.179,1.269,1.364,1.126
5/22/1995,1.244,1.197,1.288,1.383,1.124
5/29/1995,1.246,1.199,1.29,1.386,1.13
6/5/1995,1.246,1.199,1.29,1.386,1.124
6/12/1995,1.243,1.196,1.288,1.383,1.122
6/19/1995,1.236,1.189,1.28,1.376,1.117
6/26/1995,1.229,1.182,1.273,1.37,1.112
7/3/1995,1.222,1.175,1.266,1.362,1.106
7/10/1995,1.212,1.165,1.255,1.352,1.103
7/17/1995,1.2,1.153,1.244,1.342,1.099
7/24/1995,1.191,1.144,1.236,1.333,1.098
7/31/1995,1.179,1.132,1.222,1.319,1.093
8/7/1995,1.174,1.127,1.217,1.316,1.099
8/14/1995,1.172,1.125,1.215,1.312,1.106
8/21/1995,1.171,1.124,1.214,1.311,1.106
8/28/1995,1.163,1.117,1.205,1.305,1.109
9/4/1995,1.16,1.113,1.202,1.3,1.115
9/11/1995,1.158,1.111,1.201,1.298,1.119
9/18/1995,1.157,1.11,1.2,1.297,1.122
9/25/1995,1.156,1.109,1.198,1.296,1.121
10/2/1995,1.151,1.105,1.192,1.29,1.117
10/9/1995,1.144,1.097,1.185,1.283,1.117
10/16/1995,1.133,1.087,1.175,1.273,1.117
10/23/1995,1.125,1.079,1.165,1.263,1.114
10/30/1995,1.115,1.068,1.157,1.255,1.11
11/6/1995,1.112,1.065,1.153,1.252,1.118
11/13/1995,1.109,1.063,1.151,1.248,1.118
11/20/1995,1.106,1.06,1.149,1.244,1.119
11/27/1995,1.107,1.061,1.149,1.243,1.124
12/4/1995,1.108,1.062,1.151,1.246,1.123
12/11/1995,1.11,1.063,1.154,1.248,1.124
12/18/1995,1.124,1.078,1.167,1.262,1.13
12/25/1995,1.128,1.082,1.17,1.265,1.141
1/1/1996,1.129,1.083,1.171,1.268,1.148
1/8/1996,1.139,1.093,1.181,1.277,1.146
1/15/1996,1.145,1.098,1.186,1.285,1.152
1/22/1996,1.138,1.091,1.179,1.278,1.144
1/29/1996,1.133,1.087,1.176,1.272,1.136
2/5/1996,1.13,1.083,1.172,1.269,1.13
2/12/1996,1.126,1.08,1.169,1.265,1.134
2/19/1996,1.133,1.087,1.177,1.271,1.151
2/26/1996,1.153,1.107,1.197,1.291,1.164
3/4/1996,1.17,1.124,1.213,1.308,1.175
3/11/1996,1.171,1.125,1.213,1.308,1.173
3/18/1996,1.181,1.135,1.222,1.317,1.172
3/25/1996,1.21,1.164,1.25,1.345,1.21
4/1/1996,1.223,1.178,1.263,1.357,1.222
4/8/1996,1.248,1.204,1.289,1.381,1.249
4/15/1996,1.287,1.242,1.329,1.422,1.305
4/22/1996,1.301,1.256,1.341,1.438,1.304
4/29/1996,1.318,1.273,1.356,1.455,1.285
5/6/1996,1.321,1.275,1.359,1.458,1.292
5/13/1996,1.323,1.277,1.361,1.461,1.285
5/20/1996,1.33,1.285,1.369,1.468,1.274
5/27/1996,1.321,1.275,1.358,1.458,1.254
6/3/1996,1.315,1.269,1.353,1.454,1.24
6/10/1996,1.307,1.262,1.345,1.444,1.215
6/17/1996,1.302,1.258,1.34,1.438,1.193
6/24/1996,1.289,1.245,1.328,1.425,1.179
7/1/1996,1.279,1.234,1.317,1.416,1.172
7/8/1996,1.276,1.231,1.315,1.412,1.173
7/15/1996,1.273,1.228,1.311,1.409,1.178
7/22/1996,1.272,1.227,1.31,1.408,1.184
7/29/1996,1.263,1.218,1.302,1.399,1.178
8/5/1996,1.253,1.207,1.292,1.389,1.184
8/12/1996,1.248,1.203,1.287,1.384,1.191
8/19/1996,1.249,1.205,1.288,1.382,1.206
8/26/1996,1.253,1.209,1.29,1.386,1.222
9/2/1996,1.242,1.197,1.281,1.375,1.231
9/9/1996,1.247,1.203,1.286,1.38,1.25
9/16/1996,1.25,1.206,1.291,1.383,1.276
9/23/1996,1.251,1.206,1.29,1.383,1.277
9/30/1996,1.245,1.2,1.285,1.379,1.289
10/7/1996,1.239,1.194,1.279,1.373,1.308
10/14/1996,1.248,1.203,1.288,1.382,1.326
10/21/1996,1.249,1.204,1.29,1.384,1.329
10/28/1996,1.26,1.215,1.302,1.395,1.329
11/4/1996,1.268,1.223,1.31,1.403,1.323
11/11/1996,1.272,1.226,1.315,1.408,1.316
11/18/1996,1.282,1.236,1.326,1.418,1.324
11/25/1996,1.289,1.244,1.332,1.423,1.327
12/2/1996,1.287,1.241,1.332,1.423,1.323
12/9/1996,1.287,1.241,1.33,1.422,1.32
12/16/1996,1.283,1.236,1.327,1.419,1.307
12/23/1996,1.278,1.231,1.323,1.414,1.3
12/30/1996,1.274,1.227,1.318,1.412,1.295
1/6/1997,1.272,1.225,1.317,1.409,1.291
1/13/1997,1.287,1.241,1.332,1.423,1.296
1/20/1997,1.287,1.241,1.329,1.424,1.293
1/27/1997,1.284,1.238,1.325,1.421,1.283
2/3/1997,1.282,1.236,1.324,1.42,1.288
2/10/1997,1.28,1.234,1.321,1.414,1.285
2/17/1997,1.273,1.227,1.314,1.41,1.278
2/24/1997,1.27,1.223,1.312,1.408,1.269
3/3/1997,1.261,1.215,1.302,1.398,1.252
3/10/1997,1.253,1.206,1.296,1.393,1.23
3/17/1997,1.246,1.2,1.289,1.384,1.22
3/24/1997,1.25,1.204,1.291,1.385,1.22
3/31/1997,1.246,1.2,1.286,1.383,1.225
4/7/1997,1.248,1.203,1.288,1.386,1.217
4/14/1997,1.244,1.199,1.283,1.381,1.216
4/21/1997,1.245,1.199,1.284,1.381,1.211
4/28/1997,1.24,1.195,1.279,1.377,1.205
5/5/1997,1.238,1.193,1.276,1.374,1.205
5/12/1997,1.238,1.193,1.278,1.372,1.191
5/19/1997,1.247,1.203,1.286,1.38,1.191
5/26/1997,1.255,1.212,1.294,1.385,1.196
6/2/1997,1.258,1.215,1.297,1.388,1.19
6/9/1997,1.251,1.207,1.291,1.382,1.187
6/16/1997,1.242,1.198,1.282,1.373,1.172
6/23/1997,1.232,1.187,1.272,1.364,1.162
6/30/1997,1.226,1.181,1.267,1.359,1.153
7/7/1997,1.222,1.177,1.264,1.356,1.159
7/14/1997,1.219,1.173,1.261,1.352,1.152
7/21/1997,1.222,1.177,1.265,1.356,1.147
7/28/1997,1.216,1.17,1.259,1.351,1.145
8/4/1997,1.237,1.193,1.277,1.37,1.155
8/11/1997,1.272,1.228,1.311,1.404,1.168
8/18/1997,1.274,1.229,1.312,1.408,1.167
8/25/1997,1.288,1.244,1.327,1.422,1.169
9/1/1997,1.287,1.243,1.326,1.422,1.165
9/8/1997,1.288,1.243,1.326,1.423,1.163
9/15/1997,1.281,1.236,1.318,1.416,1.156
9/22/1997,1.269,1.225,1.306,1.404,1.154
9/29/1997,1.255,1.21,1.292,1.391,1.16
10/6/1997,1.254,1.209,1.292,1.39,1.175
10/13/1997,1.248,1.203,1.287,1.385,1.185
10/20/1997,1.238,1.193,1.278,1.376,1.185
10/27/1997,1.228,1.182,1.267,1.366,1.185
11/3/1997,1.221,1.176,1.259,1.357,1.188
11/10/1997,1.222,1.177,1.261,1.36,1.19
11/17/1997,1.213,1.168,1.251,1.352,1.195
11/24/1997,1.207,1.162,1.246,1.346,1.193
12/1/1997,1.197,1.152,1.236,1.336,1.189
12/8/1997,1.187,1.141,1.226,1.326,1.174
12/15/1997,1.176,1.131,1.215,1.315,1.162
12/22/1997,1.167,1.121,1.205,1.307,1.155
12/29/1997,1.158,1.112,1.196,1.298,1.15
1/5/1998,1.148,1.102,1.188,1.29,1.147
1/12/1998,1.14,1.094,1.181,1.281,1.126
1/19/1998,1.129,1.083,1.168,1.269,1.109
1/26/1998,1.112,1.066,1.152,1.253,1.096
2/2/1998,1.108,1.061,1.149,1.25,1.091
2/9/1998,1.101,1.053,1.143,1.243,1.085
2/16/1998,1.085,1.038,1.127,1.226,1.082
2/23/1998,1.09,1.044,1.132,1.23,1.079
3/2/1998,1.075,1.028,1.119,1.216,1.074
3/9/1998,1.065,1.018,1.111,1.205,1.066
3/16/1998,1.055,1.008,1.101,1.195,1.057
3/23/1998,1.047,1,1.091,1.185,1.049
3/30/1998,1.077,1.03,1.121,1.215,1.068
4/6/1998,1.074,1.028,1.118,1.212,1.067
4/13/1998,1.072,1.025,1.115,1.21,1.065
4/20/1998,1.075,1.028,1.118,1.214,1.065
4/27/1998,1.086,1.04,1.128,1.227,1.07
5/4/1998,1.095,1.049,1.137,1.236,1.072
5/11/1998,1.109,1.063,1.15,1.247,1.075
5/18/1998,1.109,1.072,1.161,1.246,1.069
5/25/1998,1.108,1.07,1.16,1.245,1.06
6/1/1998,1.104,1.066,1.156,1.242,1.053
6/8/1998,1.113,1.075,1.164,1.248,1.045
6/15/1998,1.104,1.066,1.156,1.243,1.04
6/22/1998,1.096,1.058,1.15,1.237,1.033
6/29/1998,1.096,1.057,1.149,1.237,1.034
7/6/1998,1.097,1.058,1.149,1.237,1.036
7/13/1998,1.092,1.054,1.146,1.233,1.031
7/20/1998,1.097,1.059,1.149,1.235,1.027
7/27/1998,1.088,1.05,1.14,1.229,1.02
8/3/1998,1.077,1.039,1.131,1.218,1.016
8/10/1998,1.072,1.033,1.124,1.214,1.01
8/17/1998,1.065,1.026,1.119,1.207,1.007
8/24/1998,1.058,1.019,1.113,1.2,1.004
8/31/1998,1.053,1.013,1.107,1.196,1
9/7/1998,1.046,1.007,1.101,1.191,1.009
9/14/1998,1.042,1.002,1.097,1.187,1.019
9/21/1998,1.053,1.014,1.108,1.197,1.03
9/28/1998,1.053,1.014,1.107,1.197,1.039
10/5/1998,1.059,1.019,1.113,1.202,1.041
10/12/1998,1.063,1.022,1.118,1.209,1.041
10/19/1998,1.058,1.019,1.113,1.204,1.036
10/26/1998,1.055,1.015,1.109,1.2,1.036
11/2/1998,1.05,1.01,1.105,1.196,1.035
11/9/1998,1.048,1.008,1.104,1.194,1.034
11/16/1998,1.037,0.996,1.094,1.183,1.026
11/23/1998,1.03,0.989,1.089,1.177,1.012
11/30/1998,1.015,0.974,1.074,1.164,1.004
12/7/1998,0.996,0.954,1.056,1.146,0.986
12/14/1998,0.987,0.945,1.046,1.139,0.972
12/21/1998,0.986,0.944,1.044,1.135,0.968
12/28/1998,0.979,0.937,1.038,1.129,0.966
1/4/1999,0.977,0.935,1.036,1.126,0.965
1/11/1999,0.982,0.941,1.039,1.129,0.967
1/18/1999,0.985,0.944,1.042,1.131,0.97
1/25/1999,0.977,0.936,1.035,1.125,0.964
2/1/1999,0.971,0.929,1.029,1.12,0.962
2/8/1999,0.968,0.927,1.026,1.117,0.962
2/15/1999,0.96,0.919,1.018,1.109,0.959
2/22/1999,0.949,0.907,1.008,1.1,0.953
3/1/1999,0.955,0.913,1.016,1.104,0.956
3/8/1999,0.963,0.921,1.024,1.11,0.964
3/15/1999,1.017,0.977,1.074,1.16,1
3/22/1999,1.056,1.017,1.112,1.199,1.018
3/29/1999,1.121,1.082,1.177,1.259,1.046
4/5/1999,1.158,1.118,1.216,1.296,1.075
4/12/1999,1.179,1.14,1.238,1.316,1.084
4/19/1999,1.175,1.135,1.234,1.314,1.08
4/26/1999,1.171,1.131,1.231,1.314,1.078
5/3/1999,1.176,1.136,1.234,1.316,1.078
5/10/1999,1.18,1.14,1.24,1.324,1.083
5/17/1999,1.18,1.14,1.239,1.323,1.075
5/24/1999,1.166,1.126,1.224,1.309,1.066
5/31/1999,1.151,1.111,1.21,1.297,1.065
6/7/1999,1.152,1.112,1.21,1.296,1.059
6/14/1999,1.148,1.108,1.205,1.292,1.068
6/21/1999,1.163,1.124,1.219,1.304,1.082
6/28/1999,1.153,1.113,1.21,1.296,1.087
7/5/1999,1.165,1.125,1.221,1.306,1.102
7/12/1999,1.182,1.143,1.236,1.322,1.114
7/19/1999,1.208,1.169,1.265,1.35,1.133
7/26/1999,1.232,1.193,1.288,1.371,1.137
8/2/1999,1.234,1.195,1.292,1.375,1.146
8/9/1999,1.246,1.206,1.302,1.387,1.156
8/16/1999,1.275,1.236,1.331,1.413,1.178
8/23/1999,1.273,1.234,1.33,1.414,1.186
8/30/1999,1.273,1.233,1.329,1.416,1.194
9/6/1999,1.282,1.242,1.338,1.423,1.198
9/13/1999,1.29,1.25,1.346,1.432,1.209
9/20/1999,1.307,1.268,1.365,1.448,1.226
9/27/1999,1.302,1.262,1.359,1.444,1.226
10/4/1999,1.296,1.255,1.353,1.441,1.234
10/11/1999,1.29,1.249,1.347,1.435,1.228
10/18/1999,1.277,1.236,1.334,1.424,1.224
10/25/1999,1.277,1.237,1.336,1.424,1.226
11/1/1999,1.271,1.23,1.329,1.417,1.229
11/8/1999,1.274,1.233,1.33,1.418,1.234
11/15/1999,1.292,1.251,1.35,1.436,1.261
11/22/1999,1.309,1.269,1.367,1.451,1.289
11/29/1999,1.315,1.274,1.372,1.457,1.304
12/6/1999,1.313,1.273,1.37,1.458,1.294
12/13/1999,1.315,1.275,1.372,1.459,1.288
12/20/1999,1.31,1.269,1.367,1.455,1.287
12/27/1999,1.314,1.273,1.372,1.459,1.298
1/3/2000,1.312,1.272,1.369,1.457,1.309
1/10/2000,1.304,1.264,1.361,1.45,1.307
1/17/2000,1.318,1.277,1.375,1.461,1.307
1/24/2000,1.354,1.315,1.409,1.493,1.418
1/31/2000,1.355,1.316,1.411,1.496,1.439
2/7/2000,1.364,1.325,1.417,1.504,1.47
2/14/2000,1.394,1.356,1.447,1.533,1.456
2/21/2000,1.443,1.406,1.495,1.577,1.456
2/28/2000,1.458,1.421,1.511,1.593,1.461
3/6/2000,1.539,1.501,1.593,1.674,1.49
3/13/2000,1.566,1.527,1.621,1.705,1.496
3/20/2000,1.569,1.529,1.624,1.711,1.479
3/27/2000,1.549,1.508,1.606,1.693,1.451
4/3/2000,1.543,1.503,1.602,1.687,1.442
4/10/2000,1.516,1.475,1.575,1.662,1.419
4/17/2000,1.486,1.444,1.544,1.634,1.398
4/24/2000,1.478,1.437,1.535,1.622,1.428
5/1/2000,1.461,1.42,1.517,1.607,1.418
5/8/2000,1.495,1.455,1.552,1.638,1.402
5/15/2000,1.531,1.492,1.586,1.672,1.415
5/22/2000,1.566,1.527,1.618,1.703,1.432
5/29/2000,1.579,1.54,1.63,1.713,1.431
6/5/2000,1.599,1.563,1.646,1.73,1.419
6/12/2000,1.664,1.631,1.706,1.785,1.411
6/19/2000,1.711,1.681,1.751,1.827,1.423
6/26/2000,1.691,1.658,1.733,1.813,1.432
7/3/2000,1.661,1.625,1.707,1.792,1.453
7/10/2000,1.63,1.593,1.682,1.769,1.449
7/17/2000,1.586,1.546,1.64,1.733,1.435
7/24/2000,1.562,1.52,1.619,1.711,1.424
7/31/2000,1.514,1.471,1.573,1.668,1.408
8/7/2000,1.504,1.462,1.564,1.656,1.41
8/14/2000,1.489,1.447,1.546,1.639,1.447
8/21/2000,1.508,1.468,1.565,1.654,1.471
8/28/2000,1.521,1.481,1.577,1.664,1.536
9/4/2000,1.568,1.53,1.622,1.706,1.609
9/11/2000,1.598,1.561,1.65,1.735,1.629
9/18/2000,1.599,1.562,1.65,1.733,1.653
9/25/2000,1.586,1.548,1.639,1.726,1.657
10/2/2000,1.563,1.524,1.616,1.704,1.625
10/9/2000,1.541,1.502,1.593,1.683,1.614
10/16/2000,1.578,1.539,1.631,1.717,1.67
10/23/2000,1.588,1.551,1.641,1.724,1.648
10/30/2000,1.584,1.545,1.637,1.722,1.629
11/6/2000,1.565,1.526,1.618,1.706,1.61
11/13/2000,1.562,1.523,1.616,1.701,1.603
11/20/2000,1.55,1.51,1.605,1.69,1.627
11/27/2000,1.549,1.51,1.603,1.69,1.645
12/4/2000,1.526,1.486,1.581,1.668,1.622
12/11/2000,1.49,1.449,1.547,1.636,1.577
12/18/2000,1.462,1.422,1.518,1.609,1.545
12/25/2000,1.453,1.414,1.502,1.597,1.515
1/1/2001,1.446,1.406,1.503,1.59,1.522
1/8/2001,1.465,1.425,1.523,1.606,1.52
1/15/2001,1.513,1.474,1.566,1.656,1.509
1/22/2001,1.511,1.471,1.562,1.656,1.528
1/29/2001,1.5,1.46,1.551,1.644,1.539
2/5/2001,1.483,1.443,1.538,1.63,1.52
2/12/2001,1.515,1.476,1.568,1.656,1.518
2/19/2001,1.489,1.449,1.543,1.634,1.48
2/26/2001,1.471,1.431,1.526,1.618,1.451
3/5/2001,1.457,1.417,1.513,1.605,1.42
3/12/2001,1.453,1.412,1.51,1.598,1.406
3/19/2001,1.444,1.404,1.5,1.589,1.392
3/26/2001,1.445,1.404,1.502,1.59,1.379
4/2/2001,1.482,1.442,1.54,1.624,1.391
4/9/2001,1.54,1.5,1.596,1.682,1.397
4/16/2001,1.61,1.571,1.665,1.753,1.437
4/23/2001,1.658,1.619,1.712,1.797,1.443
4/30/2001,1.665,1.626,1.717,1.806,1.442
5/7/2001,1.739,1.703,1.788,1.869,1.47
5/14/2001,1.748,1.713,1.793,1.876,1.491
5/21/2001,1.724,1.687,1.773,1.858,1.494
5/28/2001,1.739,1.704,1.787,1.871,1.529
6/4/2001,1.715,1.679,1.762,1.847,1.514
6/11/2001,1.688,1.647,1.741,1.829,1.486
6/18/2001,1.644,1.601,1.7,1.792,1.48
6/25/2001,1.583,1.538,1.644,1.737,1.447
7/2/2001,1.52,1.474,1.585,1.678,1.407
7/9/2001,1.484,1.437,1.55,1.641,1.392
7/16/2001,1.459,1.413,1.524,1.616,1.38
7/23/2001,1.44,1.395,1.5,1.595,1.348
7/30/2001,1.428,1.384,1.486,1.581,1.347
8/6/2001,1.419,1.376,1.476,1.57,1.345
8/13/2001,1.434,1.392,1.487,1.58,1.367
8/20/2001,1.467,1.427,1.516,1.608,1.394
8/27/2001,1.523,1.488,1.561,1.647,1.452
9/3/2001,1.579,1.545,1.619,1.698,1.488
9/10/2001,1.562,1.527,1.604,1.686,1.492
9/17/2001,1.564,1.529,1.607,1.689,1.527
9/24/2001,1.522,1.485,1.569,1.653,1.473
10/1/2001,1.455,1.416,1.503,1.591,1.39
10/8/2001,1.393,1.352,1.444,1.535,1.371
10/15/2001,1.351,1.309,1.405,1.495,1.353
10/22/2001,1.307,1.265,1.361,1.452,1.318
10/29/2001,1.277,1.235,1.331,1.423,1.31
11/5/2001,1.249,1.206,1.303,1.395,1.291
11/12/2001,1.224,1.182,1.278,1.368,1.269
11/19/2001,1.208,1.167,1.26,1.351,1.252
11/26/2001,1.168,1.127,1.219,1.312,1.223
12/3/2001,1.149,1.108,1.2,1.291,1.194
12/10/2001,1.136,1.095,1.187,1.28,1.173
12/17/2001,1.101,1.059,1.154,1.249,1.143
12/24/2001,1.113,1.072,1.165,1.257,1.154
12/31/2001,1.137,1.096,1.187,1.277,1.169
1/7/2002,1.152,1.112,1.202,1.293,1.168
1/14/2002,1.152,1.111,1.202,1.299,1.159
1/21/2002,1.146,1.105,1.198,1.289,1.14
1/28/2002,1.142,1.101,1.194,1.286,1.144
2/4/2002,1.157,1.116,1.209,1.297,1.144
2/11/2002,1.148,1.107,1.201,1.291,1.153
2/18/2002,1.157,1.116,1.21,1.3,1.156
2/25/2002,1.157,1.116,1.21,1.301,1.154
3/4/2002,1.185,1.144,1.238,1.326,1.173
3/11/2002,1.262,1.223,1.316,1.398,1.216
3/18/2002,1.328,1.288,1.382,1.466,1.251
3/25/2002,1.382,1.342,1.435,1.519,1.281
4/1/2002,1.412,1.371,1.468,1.554,1.295
4/8/2002,1.454,1.413,1.509,1.595,1.323
4/15/2002,1.446,1.404,1.502,1.591,1.32
4/22/2002,1.446,1.404,1.502,1.591,1.304
4/29/2002,1.435,1.393,1.49,1.581,1.302
5/6/2002,1.437,1.395,1.493,1.583,1.305
5/13/2002,1.431,1.388,1.487,1.577,1.299
5/20/2002,1.439,1.397,1.494,1.583,1.309
5/27/2002,1.429,1.387,1.484,1.576,1.308
6/3/2002,1.433,1.392,1.488,1.576,1.3
6/10/2002,1.417,1.375,1.47,1.561,1.286
6/17/2002,1.419,1.378,1.474,1.563,1.275
6/24/2002,1.425,1.384,1.48,1.567,1.281
7/1/2002,1.433,1.392,1.489,1.575,1.289
7/8/2002,1.423,1.382,1.478,1.567,1.294
7/15/2002,1.435,1.394,1.488,1.575,1.3
7/22/2002,1.451,1.41,1.503,1.592,1.311
7/29/2002,1.447,1.407,1.5,1.589,1.303
8/5/2002,1.437,1.395,1.491,1.582,1.304
8/12/2002,1.435,1.393,1.488,1.58,1.303
8/19/2002,1.434,1.392,1.488,1.58,1.333
8/26/2002,1.444,1.403,1.498,1.589,1.37
9/2/2002,1.436,1.394,1.489,1.581,1.388
9/9/2002,1.437,1.395,1.49,1.582,1.396
9/16/2002,1.442,1.401,1.496,1.587,1.414
9/23/2002,1.436,1.395,1.488,1.582,1.417
9/30/2002,1.455,1.413,1.508,1.6,1.438
10/7/2002,1.48,1.439,1.531,1.623,1.46
10/14/2002,1.481,1.44,1.533,1.625,1.461
10/21/2002,1.499,1.458,1.549,1.64,1.469
10/28/2002,1.485,1.444,1.535,1.629,1.456
11/4/2002,1.489,1.448,1.541,1.632,1.442
11/11/2002,1.48,1.439,1.531,1.624,1.427
11/18/2002,1.451,1.409,1.503,1.599,1.405
11/25/2002,1.423,1.38,1.476,1.573,1.405
12/2/2002,1.408,1.364,1.464,1.562,1.407
12/9/2002,1.404,1.36,1.459,1.557,1.405
12/16/2002,1.407,1.363,1.462,1.558,1.401
12/23/2002,1.443,1.401,1.497,1.592,1.44
12/30/2002,1.484,1.441,1.537,1.63,1.491
1/6/2003,1.487,1.444,1.541,1.639,1.501
1/13/2003,1.496,1.454,1.551,1.645,1.478
1/20/2003,1.502,1.459,1.557,1.651,1.48
1/27/2003,1.515,1.473,1.569,1.663,1.492
2/3/2003,1.569,1.527,1.623,1.713,1.542
2/10/2003,1.649,1.607,1.705,1.795,1.662
2/17/2003,1.701,1.66,1.754,1.841,1.704
2/24/2003,1.699,1.658,1.752,1.841,1.709
3/3/2003,1.726,1.686,1.782,1.865,1.753
3/10/2003,1.752,1.712,1.809,1.889,1.771
3/17/2003,1.768,1.728,1.826,1.906,1.752
3/24/2003,1.732,1.69,1.791,1.874,1.662
3/31/2003,1.692,1.649,1.753,1.84,1.602
4/7/2003,1.673,1.63,1.735,1.819,1.554
4/14/2003,1.639,1.595,1.702,1.788,1.539
4/21/2003,1.618,1.574,1.678,1.766,1.529
4/28/2003,1.6,1.557,1.659,1.748,1.508
5/5/2003,1.556,1.513,1.615,1.706,1.484
5/12/2003,1.534,1.491,1.592,1.682,1.444
5/19/2003,1.539,1.498,1.592,1.682,1.443
5/26/2003,1.528,1.487,1.58,1.672,1.434
6/2/2003,1.514,1.473,1.566,1.657,1.423
6/9/2003,1.53,1.49,1.58,1.668,1.422
6/16/2003,1.558,1.518,1.611,1.696,1.432
6/23/2003,1.537,1.496,1.591,1.678,1.423
6/30/2003,1.528,1.487,1.584,1.67,1.42
7/7/2003,1.53,1.489,1.585,1.672,1.428
7/14/2003,1.563,1.521,1.617,1.705,1.435
7/21/2003,1.566,1.524,1.621,1.71,1.439
7/28/2003,1.558,1.516,1.613,1.702,1.438
8/4/2003,1.576,1.536,1.628,1.716,1.453
8/11/2003,1.611,1.571,1.663,1.749,1.492
8/18/2003,1.668,1.627,1.721,1.805,1.498
8/25/2003,1.787,1.747,1.842,1.925,1.503
9/1/2003,1.786,1.746,1.841,1.924,1.501
9/8/2003,1.758,1.717,1.814,1.899,1.488
9/15/2003,1.739,1.697,1.795,1.88,1.471
9/22/2003,1.686,1.643,1.742,1.834,1.444
9/29/2003,1.635,1.591,1.693,1.787,1.429
10/6/2003,1.617,1.573,1.674,1.767,1.445
10/13/2003,1.611,1.568,1.664,1.758,1.483
10/20/2003,1.612,1.571,1.664,1.757,1.502
10/27/2003,1.584,1.542,1.637,1.73,1.495
11/3/2003,1.577,1.535,1.63,1.723,1.481
11/10/2003,1.547,1.504,1.6,1.694,1.476
11/17/2003,1.54,1.497,1.593,1.689,1.481
11/24/2003,1.554,1.512,1.608,1.701,1.491
12/1/2003,1.533,1.49,1.588,1.683,1.476
12/8/2003,1.519,1.476,1.574,1.67,1.481
12/15/2003,1.509,1.465,1.563,1.66,1.486
12/22/2003,1.528,1.485,1.583,1.678,1.504
12/29/2003,1.521,1.478,1.577,1.674,1.502
1/5/2004,1.552,1.51,1.605,1.701,1.503
1/12/2004,1.603,1.56,1.657,1.752,1.551
1/19/2004,1.637,1.595,1.69,1.785,1.559
1/26/2004,1.664,1.622,1.717,1.813,1.591
2/2/2004,1.66,1.616,1.713,1.811,1.581
2/9/2004,1.681,1.638,1.734,1.828,1.568
2/16/2004,1.69,1.648,1.744,1.836,1.584
2/23/2004,1.73,1.688,1.786,1.873,1.595
3/1/2004,1.758,1.717,1.816,1.902,1.619
3/8/2004,1.78,1.738,1.838,1.925,1.628
3/15/2004,1.767,1.724,1.826,1.912,1.617
3/22/2004,1.785,1.743,1.843,1.93,1.641
3/29/2004,1.8,1.758,1.857,1.944,1.642
4/5/2004,1.822,1.78,1.879,1.963,1.648
4/12/2004,1.827,1.786,1.885,1.969,1.679
4/19/2004,1.853,1.813,1.909,1.991,1.724
4/26/2004,1.853,1.812,1.908,1.992,1.718
5/3/2004,1.884,1.844,1.937,2.021,1.717
5/10/2004,1.979,1.941,2.031,2.111,1.745
5/17/2004,2.055,2.017,2.106,2.189,1.763
5/24/2004,2.104,2.064,2.155,2.242,1.761
5/31/2004,2.092,2.051,2.145,2.234,1.746
6/7/2004,2.075,2.034,2.128,2.219,1.734
6/14/2004,2.029,1.985,2.086,2.178,1.711
6/21/2004,1.981,1.937,2.039,2.134,1.7
6/28/2004,1.965,1.921,2.021,2.118,1.7
7/5/2004,1.939,1.895,1.995,2.091,1.716
7/12/2004,1.959,1.917,2.013,2.108,1.74
7/19/2004,1.971,1.928,2.025,2.119,1.744
7/26/2004,1.948,1.905,2.003,2.097,1.754
8/2/2004,1.93,1.888,1.985,2.078,1.78
8/9/2004,1.92,1.877,1.973,2.068,1.814
8/16/2004,1.917,1.875,1.97,2.064,1.825
8/23/2004,1.926,1.884,1.978,2.071,1.874
8/30/2004,1.909,1.866,1.964,2.056,1.871
9/6/2004,1.893,1.85,1.949,2.043,1.869
9/13/2004,1.889,1.846,1.945,2.037,1.874
9/20/2004,1.908,1.866,1.962,2.054,1.912
9/27/2004,1.959,1.917,2.012,2.103,2.012
10/4/2004,1.98,1.938,2.035,2.125,2.053
10/11/2004,2.035,1.993,2.091,2.179,2.092
10/18/2004,2.077,2.035,2.133,2.222,2.18
10/25/2004,2.074,2.032,2.133,2.221,2.212
11/1/2004,2.076,2.034,2.134,2.223,2.206
11/8/2004,2.045,2.001,2.105,2.196,2.163
11/15/2004,2.014,1.969,2.075,2.168,2.132
11/22/2004,1.992,1.948,2.051,2.146,2.116
11/29/2004,1.989,1.945,2.047,2.142,2.116
12/6/2004,1.956,1.911,2.014,2.111,2.069
12/13/2004,1.893,1.847,1.953,2.053,1.997
12/20/2004,1.861,1.815,1.921,2.02,1.984
12/27/2004,1.838,1.791,1.898,1.998,1.987
1/3/2005,1.824,1.778,1.882,1.985,1.957
1/10/2005,1.837,1.793,1.893,1.993,1.934
1/17/2005,1.863,1.819,1.918,2.017,1.952
1/24/2005,1.896,1.853,1.95,2.046,1.959
1/31/2005,1.953,1.911,2.006,2.103,1.992
2/7/2005,1.952,1.909,2.006,2.102,1.983
2/14/2005,1.941,1.898,1.995,2.091,1.986
2/21/2005,1.948,1.905,2.004,2.096,2.02
2/28/2005,1.969,1.928,2.025,2.113,2.118
3/7/2005,2.04,1.999,2.094,2.182,2.168
3/14/2005,2.098,2.056,2.151,2.241,2.194
3/21/2005,2.149,2.109,2.2,2.292,2.244
3/28/2005,2.194,2.153,2.25,2.336,2.249
4/4/2005,2.258,2.217,2.313,2.4,2.303
4/11/2005,2.321,2.28,2.377,2.464,2.316
4/18/2005,2.28,2.237,2.339,2.427,2.259
4/25/2005,2.279,2.236,2.337,2.426,2.289
5/2/2005,2.277,2.235,2.333,2.425,2.262
5/9/2005,2.231,2.186,2.291,2.385,2.227
5/16/2005,2.206,2.163,2.262,2.357,2.189
5/23/2005,2.169,2.125,2.226,2.322,2.156
5/30/2005,2.141,2.097,2.198,2.295,2.16
6/6/2005,2.159,2.116,2.214,2.309,2.234
6/13/2005,2.173,2.13,2.227,2.323,2.276
6/20/2005,2.204,2.161,2.257,2.353,2.313
6/27/2005,2.257,2.215,2.307,2.402,2.336
7/4/2005,2.268,2.226,2.321,2.414,2.348
7/11/2005,2.369,2.328,2.419,2.517,2.408
7/18/2005,2.36,2.317,2.41,2.511,2.392
7/25/2005,2.333,2.289,2.388,2.488,2.342
8/1/2005,2.335,2.291,2.389,2.49,2.348
8/8/2005,2.41,2.368,2.461,2.56,2.407
8/15/2005,2.592,2.55,2.643,2.742,2.567
8/22/2005,2.654,2.612,2.704,2.802,2.588
8/29/2005,2.653,2.61,2.705,2.801,2.59
9/5/2005,3.117,3.069,3.172,3.285,2.898
9/12/2005,3.002,2.955,3.054,3.171,2.847
9/19/2005,2.835,2.786,2.894,3.009,2.732
9/26/2005,2.851,2.803,2.909,3.018,2.798
10/3/2005,2.975,2.928,3.033,3.139,3.144
10/10/2005,2.896,2.848,2.959,3.064,3.15
10/17/2005,2.775,2.725,2.838,2.947,3.148
10/24/2005,2.652,2.603,2.716,2.822,3.157
10/31/2005,2.528,2.48,2.59,2.698,2.876
11/7/2005,2.424,2.376,2.485,2.59,2.698
11/14/2005,2.342,2.296,2.402,2.505,2.602
11/21/2005,2.247,2.201,2.306,2.408,2.513
11/28/2005,2.2,2.154,2.258,2.358,2.479
12/5/2005,2.191,2.147,2.245,2.345,2.425
12/12/2005,2.228,2.185,2.281,2.381,2.436
12/19/2005,2.255,2.211,2.308,2.409,2.462
12/26/2005,2.241,2.197,2.292,2.397,2.448
1/2/2006,2.281,2.238,2.329,2.437,2.442
1/9/2006,2.371,2.327,2.421,2.531,2.485
1/16/2006,2.366,2.32,2.421,2.531,2.449
1/23/2006,2.382,2.336,2.436,2.547,2.472
1/30/2006,2.402,2.357,2.456,2.564,2.489
2/6/2006,2.388,2.342,2.445,2.549,2.499
2/13/2006,2.331,2.284,2.391,2.494,2.476
2/20/2006,2.286,2.24,2.345,2.445,2.455
2/27/2006,2.298,2.254,2.351,2.45,2.471
3/6/2006,2.373,2.331,2.425,2.519,2.545
3/13/2006,2.408,2.366,2.46,2.556,2.543
3/20/2006,2.548,2.504,2.602,2.701,2.581
3/27/2006,2.542,2.498,2.597,2.695,2.565
4/3/2006,2.631,2.588,2.684,2.785,2.617
4/10/2006,2.727,2.683,2.781,2.883,2.654
4/17/2006,2.828,2.783,2.879,2.986,2.765
4/24/2006,2.96,2.914,3.014,3.121,2.876
5/1/2006,2.966,2.919,3.026,3.129,2.896
5/8/2006,2.955,2.909,3.017,3.117,2.897
5/15/2006,2.992,2.947,3.049,3.149,2.92
5/22/2006,2.938,2.892,2.998,3.098,2.888
5/29/2006,2.913,2.867,2.971,3.071,2.882
6/5/2006,2.937,2.892,2.995,3.095,2.89
6/12/2006,2.951,2.906,3.009,3.108,2.918
6/19/2006,2.917,2.871,2.977,3.077,2.915
6/26/2006,2.914,2.869,2.972,3.072,2.867
7/3/2006,2.979,2.934,3.034,3.133,2.898
7/10/2006,3.017,2.973,3.072,3.169,2.918
7/17/2006,3.033,2.989,3.089,3.186,2.926
7/24/2006,3.048,3.003,3.106,3.205,2.946
7/31/2006,3.05,3.004,3.106,3.211,2.98
8/7/2006,3.083,3.038,3.137,3.242,3.055
8/14/2006,3.047,3,3.104,3.21,3.065
8/21/2006,2.971,2.924,3.031,3.136,3.033
8/28/2006,2.893,2.845,2.953,3.064,3.027
9/4/2006,2.777,2.727,2.842,2.952,2.967
9/11/2006,2.67,2.618,2.739,2.847,2.857
9/18/2006,2.549,2.497,2.617,2.729,2.713
9/25/2006,2.429,2.378,2.498,2.605,2.595
10/2/2006,2.36,2.31,2.426,2.531,2.546
10/9/2006,2.31,2.261,2.373,2.478,2.506
10/16/2006,2.274,2.226,2.338,2.44,2.503
10/23/2006,2.255,2.208,2.315,2.418,2.524
10/30/2006,2.264,2.218,2.322,2.424,2.517
11/6/2006,2.246,2.2,2.306,2.407,2.506
11/13/2006,2.278,2.232,2.338,2.437,2.552
11/20/2006,2.285,2.239,2.346,2.445,2.553
11/27/2006,2.292,2.246,2.352,2.453,2.567
12/4/2006,2.342,2.297,2.399,2.502,2.618
12/11/2006,2.34,2.293,2.399,2.502,2.621
12/18/2006,2.366,2.32,2.424,2.527,2.606
12/25/2006,2.387,2.341,2.446,2.548,2.596
1/1/2007,2.382,2.334,2.442,2.547,2.58
1/8/2007,2.354,2.306,2.418,2.523,2.537
1/15/2007,2.28,2.229,2.347,2.453,2.463
1/22/2007,2.216,2.165,2.285,2.391,2.43
1/29/2007,2.213,2.165,2.277,2.381,2.413
2/5/2007,2.237,2.191,2.3,2.396,2.435
2/12/2007,2.287,2.241,2.35,2.442,2.476
2/19/2007,2.341,2.296,2.401,2.495,2.491
2/26/2007,2.428,2.383,2.488,2.581,2.551
3/5/2007,2.551,2.505,2.609,2.709,2.626
3/12/2007,2.605,2.559,2.667,2.763,2.685
3/19/2007,2.623,2.577,2.688,2.781,2.681
3/26/2007,2.655,2.61,2.716,2.812,2.676
4/2/2007,2.753,2.707,2.814,2.912,2.79
4/9/2007,2.848,2.802,2.909,3.007,2.84
4/16/2007,2.922,2.876,2.983,3.083,2.877
4/23/2007,2.917,2.869,2.98,3.082,2.851
4/30/2007,3.017,2.971,3.079,3.176,2.811
5/7/2007,3.097,3.054,3.155,3.247,2.792
5/14/2007,3.143,3.103,3.197,3.284,2.773
5/21/2007,3.258,3.218,3.308,3.398,2.803
5/28/2007,3.25,3.209,3.302,3.395,2.817
6/4/2007,3.2,3.157,3.255,3.351,2.799
6/11/2007,3.122,3.076,3.185,3.281,2.792
6/18/2007,3.057,3.009,3.116,3.222,2.805
6/25/2007,3.029,2.982,3.089,3.196,2.835
7/2/2007,3.005,2.959,3.064,3.168,2.829
7/9/2007,3.026,2.981,3.077,3.182,2.849
7/16/2007,3.092,3.049,3.143,3.242,2.889
7/23/2007,3.005,2.958,3.062,3.168,2.889
7/30/2007,2.926,2.876,2.987,3.099,2.886
8/6/2007,2.888,2.838,2.951,3.062,2.898
8/13/2007,2.821,2.771,2.88,2.995,2.847
8/20/2007,2.832,2.785,2.886,2.997,2.868
8/27/2007,2.796,2.749,2.851,2.963,2.863
9/3/2007,2.84,2.796,2.89,2.997,2.893
9/10/2007,2.862,2.818,2.912,3.018,2.924
9/17/2007,2.835,2.787,2.892,3.001,2.964
9/24/2007,2.86,2.812,2.917,3.029,3.032
10/1/2007,2.838,2.788,2.903,3.013,3.048
10/8/2007,2.821,2.77,2.887,2.997,3.035
10/15/2007,2.813,2.762,2.879,2.99,3.039
10/22/2007,2.873,2.823,2.937,3.046,3.094
10/29/2007,2.921,2.872,2.983,3.092,3.157
11/5/2007,3.06,3.013,3.117,3.224,3.303
11/12/2007,3.158,3.111,3.218,3.325,3.425
11/19/2007,3.148,3.099,3.208,3.32,3.41
11/26/2007,3.147,3.097,3.209,3.319,3.444
12/3/2007,3.113,3.061,3.178,3.292,3.416
12/10/2007,3.053,3,3.121,3.238,3.325
12/17/2007,3.05,2.998,3.116,3.232,3.309
12/24/2007,3.032,2.98,3.099,3.214,3.308
12/31/2007,3.104,3.053,3.167,3.283,3.345
1/7/2008,3.159,3.109,3.22,3.335,3.376
1/14/2008,3.119,3.068,3.185,3.3,3.326
1/21/2008,3.07,3.017,3.136,3.256,3.27
1/28/2008,3.03,2.977,3.097,3.217,3.259
2/4/2008,3.03,2.978,3.094,3.212,3.28
2/11/2008,3.011,2.96,3.074,3.19,3.28
2/18/2008,3.092,3.042,3.153,3.266,3.396
2/25/2008,3.18,3.13,3.243,3.354,3.552
3/3/2008,3.212,3.162,3.277,3.386,3.658
3/10/2008,3.273,3.225,3.334,3.443,3.819
3/17/2008,3.332,3.284,3.398,3.5,3.974
3/24/2008,3.31,3.259,3.378,3.486,3.989
3/31/2008,3.339,3.29,3.405,3.512,3.964
4/7/2008,3.381,3.332,3.444,3.55,3.955
4/14/2008,3.438,3.389,3.502,3.607,4.059
4/21/2008,3.557,3.508,3.621,3.729,4.143
4/28/2008,3.653,3.603,3.716,3.829,4.177
5/5/2008,3.663,3.613,3.725,3.842,4.149
5/12/2008,3.771,3.722,3.83,3.944,4.331
5/19/2008,3.84,3.791,3.897,4.017,4.497
5/26/2008,3.986,3.937,4.045,4.159,4.723
6/2/2008,4.026,3.976,4.086,4.201,4.707
6/9/2008,4.09,4.039,4.152,4.267,4.692
6/16/2008,4.134,4.082,4.199,4.314,4.692
6/23/2008,4.131,4.079,4.197,4.312,4.648
6/30/2008,4.146,4.095,4.209,4.326,4.645
7/7/2008,4.165,4.114,4.229,4.344,4.727
7/14/2008,4.164,4.113,4.228,4.341,4.764
7/21/2008,4.118,4.064,4.186,4.303,4.718
7/28/2008,4.01,3.955,4.082,4.205,4.603
8/4/2008,3.935,3.88,4.006,4.13,4.502
8/11/2008,3.864,3.809,3.932,4.055,4.353
8/18/2008,3.794,3.74,3.862,3.979,4.207
8/25/2008,3.738,3.685,3.806,3.922,4.145
9/1/2008,3.733,3.68,3.802,3.918,4.121
9/8/2008,3.701,3.648,3.769,3.885,4.059
9/15/2008,3.887,3.835,3.948,4.073,4.023
9/22/2008,3.772,3.718,3.839,3.963,3.958
9/29/2008,3.687,3.632,3.755,3.883,3.959
10/6/2008,3.543,3.484,3.618,3.746,3.875
10/13/2008,3.213,3.151,3.296,3.425,3.659
10/20/2008,2.974,2.914,3.053,3.182,3.482
10/27/2008,2.718,2.656,2.8,2.929,3.288
11/3/2008,2.462,2.4,2.543,2.677,3.088
11/10/2008,2.284,2.224,2.363,2.494,2.944
11/17/2008,2.132,2.072,2.211,2.339,2.809
11/24/2008,1.952,1.892,2.029,2.163,2.664
12/1/2008,1.87,1.811,1.945,2.077,2.615
12/8/2008,1.758,1.699,1.832,1.965,2.515
12/15/2008,1.716,1.659,1.785,1.915,2.422
12/22/2008,1.71,1.653,1.781,1.907,2.366
12/29/2008,1.67,1.613,1.743,1.866,2.327
1/5/2009,1.737,1.684,1.8,1.922,2.291
1/12/2009,1.835,1.784,1.9,2.015,2.314
1/19/2009,1.898,1.847,1.961,2.077,2.296
1/26/2009,1.89,1.838,1.954,2.07,2.268
2/2/2009,1.944,1.892,2.007,2.126,2.246
2/9/2009,1.978,1.926,2.044,2.161,2.219
2/16/2009,2.016,1.964,2.083,2.198,2.186
2/23/2009,1.963,1.909,2.032,2.153,2.13
3/2/2009,1.988,1.934,2.057,2.174,2.087
3/9/2009,1.993,1.941,2.059,2.175,2.045
3/16/2009,1.964,1.91,2.034,2.151,2.017
3/23/2009,2.014,1.962,2.079,2.193,2.09
3/30/2009,2.097,2.046,2.163,2.275,2.221
4/6/2009,2.09,2.037,2.158,2.271,2.228
4/13/2009,2.104,2.051,2.172,2.284,2.229
4/20/2009,2.112,2.059,2.181,2.294,2.221
4/27/2009,2.102,2.049,2.171,2.285,2.201
5/4/2009,2.129,2.078,2.195,2.308,2.185
5/11/2009,2.29,2.24,2.352,2.467,2.216
5/18/2009,2.36,2.309,2.424,2.54,2.231
5/25/2009,2.485,2.435,2.547,2.661,2.274
6/1/2009,2.572,2.524,2.63,2.741,2.352
6/8/2009,2.673,2.624,2.731,2.843,2.498
6/15/2009,2.722,2.672,2.784,2.896,2.572
6/22/2009,2.743,2.691,2.808,2.924,2.616
6/29/2009,2.695,2.642,2.763,2.883,2.608
7/6/2009,2.666,2.612,2.736,2.855,2.594
7/13/2009,2.584,2.528,2.656,2.779,2.542
7/20/2009,2.519,2.463,2.591,2.714,2.496
7/27/2009,2.557,2.503,2.625,2.744,2.528
8/3/2009,2.61,2.557,2.676,2.793,2.55
8/10/2009,2.7,2.647,2.767,2.883,2.625
8/17/2009,2.691,2.637,2.761,2.877,2.652
8/24/2009,2.682,2.628,2.751,2.869,2.668
8/31/2009,2.667,2.613,2.739,2.857,2.674
9/7/2009,2.642,2.588,2.711,2.831,2.647
9/14/2009,2.632,2.577,2.704,2.818,2.634
9/21/2009,2.607,2.552,2.68,2.793,2.622
9/28/2009,2.554,2.499,2.631,2.741,2.601
10/5/2009,2.523,2.468,2.6,2.711,2.582
10/12/2009,2.543,2.489,2.614,2.727,2.6
10/19/2009,2.626,2.574,2.694,2.807,2.705
10/26/2009,2.727,2.674,2.792,2.909,2.801
11/2/2009,2.746,2.694,2.812,2.93,2.808
11/9/2009,2.72,2.666,2.787,2.908,2.801
11/16/2009,2.684,2.629,2.755,2.877,2.79
11/23/2009,2.694,2.639,2.764,2.883,2.787
11/30/2009,2.684,2.629,2.754,2.875,2.775
12/7/2009,2.689,2.634,2.761,2.882,2.772
12/14/2009,2.655,2.599,2.727,2.849,2.748
12/21/2009,2.645,2.589,2.717,2.839,2.726
12/28/2009,2.662,2.607,2.731,2.853,2.732
1/4/2010,2.718,2.665,2.784,2.905,2.797
1/11/2010,2.804,2.751,2.869,2.988,2.879
1/18/2010,2.793,2.739,2.861,2.983,2.87
1/25/2010,2.76,2.705,2.832,2.953,2.833
2/1/2010,2.717,2.661,2.787,2.911,2.781
2/8/2010,2.707,2.652,2.778,2.9,2.769
2/15/2010,2.664,2.608,2.738,2.862,2.756
2/22/2010,2.709,2.655,2.778,2.899,2.832
3/1/2010,2.756,2.702,2.827,2.943,2.861
3/8/2010,2.804,2.751,2.871,2.988,2.904
3/15/2010,2.841,2.788,2.908,3.024,2.924
3/22/2010,2.87,2.819,2.936,3.05,2.946
3/29/2010,2.851,2.798,2.918,3.034,2.939
4/5/2010,2.877,2.826,2.94,3.056,3.015
4/12/2010,2.909,2.858,2.972,3.088,3.069
4/19/2010,2.911,2.86,2.974,3.091,3.074
4/26/2010,2.901,2.849,2.966,3.083,3.078
5/3/2010,2.95,2.898,3.011,3.131,3.122
5/10/2010,2.958,2.905,3.023,3.142,3.127
5/17/2010,2.918,2.864,2.985,3.107,3.094
5/24/2010,2.842,2.786,2.914,3.037,3.021
5/31/2010,2.784,2.728,2.855,2.98,2.98
6/7/2010,2.78,2.725,2.849,2.972,2.946
6/14/2010,2.756,2.701,2.825,2.947,2.928
6/21/2010,2.795,2.743,2.861,2.98,2.961
6/28/2010,2.809,2.757,2.873,2.992,2.956
7/5/2010,2.779,2.726,2.846,2.964,2.924
7/12/2010,2.771,2.718,2.838,2.956,2.903
7/19/2010,2.775,2.722,2.843,2.958,2.899
7/26/2010,2.801,2.749,2.867,2.982,2.919
8/2/2010,2.788,2.735,2.856,2.973,2.928
8/9/2010,2.835,2.783,2.903,3.016,2.991
8/16/2010,2.798,2.745,2.869,2.982,2.979
8/23/2010,2.759,2.704,2.831,2.945,2.957
8/30/2010,2.736,2.682,2.806,2.922,2.938
9/6/2010,2.735,2.682,2.803,2.917,2.931
9/13/2010,2.772,2.721,2.836,2.95,2.943
9/20/2010,2.775,2.723,2.844,2.954,2.96
9/27/2010,2.747,2.694,2.818,2.932,2.951
10/4/2010,2.784,2.732,2.85,2.966,3
10/11/2010,2.871,2.819,2.934,3.053,3.066
10/18/2010,2.887,2.834,2.953,3.071,3.073
10/25/2010,2.87,2.817,2.938,3.058,3.067
11/1/2010,2.861,2.806,2.929,3.051,3.067
11/8/2010,2.917,2.865,2.979,3.102,3.116
11/15/2010,2.944,2.892,3.007,3.13,3.184
11/22/2010,2.931,2.876,2.999,3.124,3.171
11/29/2010,2.912,2.856,2.982,3.108,3.162
12/6/2010,3.013,2.958,3.079,3.207,3.197
12/13/2010,3.035,2.98,3.101,3.227,3.231
12/20/2010,3.037,2.982,3.104,3.231,3.248
12/27/2010,3.106,3.052,3.171,3.296,3.294
1/3/2011,3.124,3.07,3.188,3.314,3.331
1/10/2011,3.142,3.089,3.204,3.33,3.333
1/17/2011,3.158,3.104,3.222,3.347,3.407
1/24/2011,3.163,3.11,3.227,3.353,3.43
1/31/2011,3.155,3.101,3.221,3.345,3.438
2/7/2011,3.185,3.132,3.251,3.371,3.513
2/14/2011,3.193,3.14,3.259,3.382,3.534
2/21/2011,3.243,3.189,3.311,3.428,3.573
2/28/2011,3.435,3.383,3.499,3.62,3.716
3/7/2011,3.572,3.52,3.636,3.758,3.871
3/14/2011,3.621,3.567,3.69,3.809,3.908
3/21/2011,3.617,3.562,3.686,3.806,3.907
3/28/2011,3.65,3.596,3.718,3.836,3.932
4/4/2011,3.737,3.684,3.801,3.921,3.976
4/11/2011,3.843,3.791,3.907,4.027,4.078
4/18/2011,3.896,3.844,3.96,4.08,4.105
4/25/2011,3.932,3.879,3.994,4.117,4.098
5/2/2011,4.014,3.963,4.075,4.198,4.124
5/9/2011,4.018,3.965,4.081,4.206,4.104
5/16/2011,4.014,3.96,4.079,4.204,4.061
5/23/2011,3.904,3.849,3.975,4.1,3.997
5/30/2011,3.848,3.794,3.914,4.041,3.948
6/6/2011,3.833,3.781,3.891,4.02,3.94
6/13/2011,3.767,3.713,3.829,3.958,3.954
6/20/2011,3.708,3.652,3.776,3.904,3.95
6/27/2011,3.631,3.574,3.7,3.833,3.888
7/4/2011,3.634,3.579,3.699,3.829,3.85
7/11/2011,3.695,3.641,3.756,3.889,3.899
7/18/2011,3.736,3.682,3.796,3.932,3.923
7/25/2011,3.754,3.699,3.819,3.951,3.949
8/1/2011,3.766,3.711,3.829,3.963,3.937
8/8/2011,3.73,3.674,3.794,3.927,3.897
8/15/2011,3.662,3.604,3.728,3.865,3.835
8/22/2011,3.638,3.581,3.703,3.839,3.81
8/29/2011,3.682,3.627,3.746,3.874,3.82
9/5/2011,3.727,3.674,3.791,3.914,3.868
9/12/2011,3.715,3.661,3.78,3.904,3.862
9/19/2011,3.657,3.601,3.727,3.853,3.833
9/26/2011,3.568,3.509,3.642,3.77,3.786
10/3/2011,3.492,3.433,3.569,3.698,3.749
10/10/2011,3.476,3.417,3.551,3.679,3.721
10/17/2011,3.533,3.476,3.604,3.73,3.801
10/24/2011,3.52,3.462,3.594,3.721,3.825
10/31/2011,3.511,3.452,3.587,3.713,3.892
11/7/2011,3.482,3.424,3.558,3.683,3.887
11/14/2011,3.495,3.436,3.571,3.697,3.987
11/21/2011,3.427,3.368,3.503,3.634,4.01
11/28/2011,3.368,3.307,3.447,3.581,3.964
12/5/2011,3.35,3.29,3.426,3.56,3.931
12/12/2011,3.346,3.286,3.421,3.554,3.894
12/19/2011,3.29,3.229,3.368,3.504,3.828
12/26/2011,3.317,3.258,3.388,3.524,3.791
1/2/2012,3.358,3.299,3.429,3.567,3.783
1/9/2012,3.441,3.382,3.512,3.649,3.828
1/16/2012,3.451,3.391,3.522,3.66,3.854
1/23/2012,3.45,3.389,3.522,3.664,3.848
1/30/2012,3.5,3.439,3.573,3.716,3.85
2/6/2012,3.542,3.482,3.614,3.756,3.856
2/13/2012,3.584,3.523,3.659,3.798,3.943
2/20/2012,3.652,3.591,3.729,3.865,3.96
2/27/2012,3.78,3.721,3.855,3.983,4.051
3/5/2012,3.849,3.793,3.92,4.043,4.094
3/12/2012,3.884,3.829,3.954,4.077,4.123
3/19/2012,3.923,3.867,3.993,4.117,4.142
3/26/2012,3.973,3.918,4.042,4.168,4.147
4/2/2012,3.996,3.941,4.063,4.193,4.142
4/9/2012,3.997,3.939,4.067,4.201,4.148
4/16/2012,3.98,3.922,4.047,4.183,4.127
4/23/2012,3.929,3.87,3.999,4.136,4.085
4/30/2012,3.889,3.83,3.962,4.097,4.073
5/7/2012,3.849,3.79,3.923,4.054,4.057
5/14/2012,3.814,3.754,3.895,4.02,4.004
5/21/2012,3.773,3.715,3.85,3.975,3.956
5/28/2012,3.728,3.67,3.805,3.929,3.897
6/4/2012,3.671,3.613,3.75,3.871,3.846
6/11/2012,3.629,3.572,3.703,3.829,3.781
6/18/2012,3.589,3.533,3.661,3.78,3.729
6/25/2012,3.494,3.437,3.568,3.693,3.678
7/2/2012,3.415,3.356,3.489,3.618,3.648
7/9/2012,3.469,3.411,3.539,3.674,3.683
7/16/2012,3.485,3.427,3.551,3.69,3.695
7/23/2012,3.554,3.494,3.626,3.765,3.783
7/30/2012,3.568,3.508,3.639,3.779,3.796
8/6/2012,3.702,3.645,3.767,3.907,3.85
8/13/2012,3.779,3.721,3.847,3.985,3.965
8/20/2012,3.803,3.744,3.874,4.014,4.026
8/27/2012,3.837,3.776,3.909,4.051,4.089
9/3/2012,3.903,3.843,3.975,4.111,4.127
9/10/2012,3.907,3.847,3.981,4.119,4.132
9/17/2012,3.939,3.878,4.013,4.154,4.135
9/24/2012,3.889,3.826,3.966,4.11,4.086
10/1/2012,3.866,3.804,3.944,4.087,4.079
10/8/2012,3.914,3.85,4.002,4.133,4.094
10/15/2012,3.886,3.819,3.976,4.113,4.15
10/22/2012,3.756,3.687,3.85,3.992,4.116
10/29/2012,3.638,3.568,3.733,3.878,4.03
11/5/2012,3.563,3.492,3.652,3.808,4.01
11/12/2012,3.518,3.449,3.605,3.761,3.98
11/19/2012,3.497,3.429,3.579,3.74,3.976
11/26/2012,3.505,3.437,3.585,3.746,4.034
12/3/2012,3.463,3.394,3.548,3.707,4.027
12/10/2012,3.419,3.349,3.504,3.664,3.991
12/17/2012,3.324,3.254,3.409,3.571,3.945
12/24/2012,3.328,3.257,3.415,3.576,3.923
12/31/2012,3.369,3.298,3.455,3.617,3.918
1/7/2013,3.373,3.299,3.463,3.631,3.911
1/14/2013,3.377,3.303,3.467,3.637,3.894
1/21/2013,3.386,3.315,3.473,3.636,3.902
1/28/2013,3.427,3.357,3.512,3.673,3.927
2/4/2013,3.604,3.538,3.683,3.841,4.022
2/11/2013,3.677,3.611,3.756,3.91,4.104
2/18/2013,3.812,3.747,3.891,4.042,4.157
2/25/2013,3.851,3.784,3.934,4.084,4.159
3/4/2013,3.826,3.759,3.91,4.061,4.13
3/11/2013,3.779,3.71,3.865,4.018,4.088
3/18/2013,3.764,3.696,3.85,4.002,4.047
3/25/2013,3.746,3.68,3.828,3.981,4.006
4/1/2013,3.714,3.645,3.798,3.953,3.993
4/8/2013,3.676,3.608,3.761,3.916,3.977
4/15/2013,3.611,3.542,3.7,3.852,3.942
4/22/2013,3.603,3.536,3.687,3.836,3.887
4/29/2013,3.587,3.52,3.668,3.822,3.851
5/6/2013,3.602,3.538,3.681,3.83,3.845
5/13/2013,3.665,3.603,3.739,3.883,3.866
5/20/2013,3.729,3.673,3.801,3.926,3.89
5/27/2013,3.704,3.645,3.779,3.912,3.88
6/3/2013,3.705,3.646,3.773,3.913,3.869
6/10/2013,3.715,3.655,3.783,3.929,3.849
6/17/2013,3.689,3.626,3.764,3.912,3.841
6/24/2013,3.645,3.577,3.733,3.88,3.838
7/1/2013,3.567,3.496,3.66,3.813,3.817
7/8/2013,3.563,3.492,3.654,3.81,3.828
7/15/2013,3.706,3.639,3.786,3.943,3.867
7/22/2013,3.751,3.682,3.831,3.993,3.903
7/29/2013,3.716,3.646,3.801,3.963,3.915
8/5/2013,3.701,3.632,3.781,3.947,3.909
8/12/2013,3.633,3.561,3.719,3.886,3.896
8/19/2013,3.622,3.55,3.707,3.874,3.9
8/26/2013,3.623,3.552,3.707,3.875,3.913
9/2/2013,3.678,3.608,3.76,3.922,3.981
9/9/2013,3.658,3.587,3.741,3.906,3.981
9/16/2013,3.619,3.547,3.709,3.87,3.974
9/23/2013,3.567,3.495,3.656,3.819,3.949
9/30/2013,3.499,3.425,3.596,3.758,3.919
10/7/2013,3.441,3.367,3.535,3.701,3.897
10/14/2013,3.43,3.354,3.527,3.694,3.886
10/21/2013,3.435,3.36,3.531,3.696,3.886
10/28/2013,3.372,3.294,3.475,3.644,3.87
11/4/2013,3.343,3.265,3.441,3.614,3.857
11/11/2013,3.274,3.194,3.38,3.552,3.832
11/18/2013,3.298,3.219,3.401,3.573,3.822
11/25/2013,3.372,3.293,3.47,3.649,3.844
12/2/2013,3.353,3.272,3.457,3.635,3.883
12/9/2013,3.35,3.269,3.453,3.632,3.879
12/16/2013,3.321,3.239,3.423,3.605,3.871
12/23/2013,3.351,3.271,3.451,3.632,3.873
12/30/2013,3.409,3.331,3.503,3.682,3.903
1/6/2014,3.411,3.332,3.513,3.69,3.91
1/13/2014,3.406,3.327,3.505,3.683,3.886
1/20/2014,3.376,3.296,3.477,3.657,3.873
1/27/2014,3.375,3.295,3.474,3.654,3.904
2/3/2014,3.372,3.292,3.475,3.651,3.951
2/10/2014,3.388,3.309,3.487,3.664,3.977
2/17/2014,3.457,3.38,3.555,3.728,3.989
2/24/2014,3.52,3.444,3.615,3.783,4.017
3/3/2014,3.553,3.479,3.648,3.812,4.016
3/10/2014,3.584,3.512,3.674,3.835,4.021
3/17/2014,3.619,3.547,3.71,3.871,4.003
3/24/2014,3.622,3.549,3.716,3.876,3.988
3/31/2014,3.651,3.579,3.743,3.904,3.975
4/7/2014,3.67,3.596,3.769,3.928,3.959
4/14/2014,3.725,3.651,3.823,3.976,3.952
4/21/2014,3.758,3.683,3.857,4.014,3.971
4/28/2014,3.788,3.713,3.888,4.047,3.975
5/5/2014,3.761,3.684,3.864,4.027,3.964
5/12/2014,3.746,3.668,3.85,4.015,3.948
5/19/2014,3.743,3.665,3.844,4.011,3.934
5/26/2014,3.75,3.674,3.85,4.014,3.925
6/2/2014,3.765,3.69,3.862,4.024,3.918
6/9/2014,3.749,3.674,3.844,4.008,3.892
6/16/2014,3.76,3.686,3.853,4.016,3.882
6/23/2014,3.778,3.704,3.873,4.036,3.919
6/30/2014,3.778,3.704,3.872,4.036,3.92
7/7/2014,3.753,3.678,3.849,4.015,3.913
7/14/2014,3.712,3.635,3.811,3.978,3.894
7/21/2014,3.671,3.593,3.773,3.938,3.869
7/28/2014,3.617,3.539,3.723,3.888,3.858
8/4/2014,3.595,3.515,3.701,3.866,3.853
8/11/2014,3.582,3.505,3.684,3.85,3.843
8/18/2014,3.549,3.472,3.653,3.816,3.835
8/25/2014,3.532,3.454,3.635,3.8,3.821
9/1/2014,3.536,3.459,3.638,3.803,3.814
9/8/2014,3.534,3.457,3.632,3.801,3.814
9/15/2014,3.485,3.408,3.585,3.754,3.801
9/22/2014,3.432,3.353,3.536,3.707,3.778
9/29/2014,3.434,3.354,3.537,3.71,3.755
10/6/2014,3.382,3.299,3.492,3.667,3.733
10/13/2014,3.292,3.207,3.406,3.581,3.698
10/20/2014,3.205,3.12,3.319,3.499,3.656
10/27/2014,3.139,3.056,3.248,3.425,3.635
11/3/2014,3.077,2.993,3.187,3.369,3.623
11/10/2014,3.025,2.941,3.134,3.315,3.677
11/17/2014,2.978,2.894,3.088,3.27,3.661
11/24/2014,2.907,2.821,3.019,3.205,3.628
12/1/2014,2.864,2.778,2.978,3.164,3.605
12/8/2014,2.767,2.679,2.882,3.072,3.535
12/15/2014,2.643,2.554,2.763,2.951,3.419
12/22/2014,2.496,2.403,2.619,2.813,3.281
12/29/2014,2.392,2.299,2.517,2.713,3.213
1/5/2015,2.308,2.214,2.437,2.631,3.137
1/12/2015,2.232,2.139,2.358,2.553,3.053
1/19/2015,2.157,2.066,2.277,2.473,2.933
1/26/2015,2.133,2.044,2.25,2.444,2.866
2/2/2015,2.154,2.068,2.268,2.454,2.831
2/9/2015,2.276,2.191,2.388,2.568,2.835
2/16/2015,2.358,2.274,2.467,2.651,2.865
2/23/2015,2.415,2.332,2.526,2.704,2.9
3/2/2015,2.556,2.473,2.671,2.837,2.936
3/9/2015,2.57,2.487,2.686,2.853,2.944
3/16/2015,2.537,2.453,2.652,2.824,2.917
3/23/2015,2.538,2.457,2.65,2.817,2.864
3/30/2015,2.531,2.448,2.649,2.814,2.824
4/6/2015,2.499,2.413,2.617,2.789,2.784
4/13/2015,2.494,2.408,2.616,2.786,2.754
4/20/2015,2.57,2.485,2.686,2.857,2.78
4/27/2015,2.656,2.57,2.777,2.947,2.811
5/4/2015,2.749,2.664,2.87,3.036,2.854
5/11/2015,2.776,2.691,2.9,3.063,2.878
5/18/2015,2.827,2.744,2.949,3.109,2.904
5/25/2015,2.857,2.774,2.975,3.14,2.914
6/1/2015,2.863,2.78,2.978,3.143,2.909
6/8/2015,2.863,2.78,2.977,3.15,2.884
6/15/2015,2.918,2.835,3.025,3.202,2.87
6/22/2015,2.895,2.812,3.006,3.182,2.859
6/29/2015,2.885,2.801,2.997,3.175,2.843
7/6/2015,2.877,2.793,2.99,3.168,2.832
7/13/2015,2.92,2.834,3.044,3.213,2.814
7/20/2015,2.888,2.802,3.012,3.179,2.782
7/27/2015,2.833,2.745,2.96,3.129,2.723
8/3/2015,2.779,2.689,2.909,3.083,2.668
8/10/2015,2.72,2.629,2.85,3.03,2.617
8/17/2015,2.803,2.716,2.927,3.096,2.615
8/24/2015,2.726,2.637,2.854,3.027,2.561
8/31/2015,2.602,2.51,2.734,2.916,2.514
9/7/2015,2.532,2.437,2.662,2.853,2.534
9/14/2015,2.471,2.375,2.605,2.801,2.517
9/21/2015,2.425,2.327,2.561,2.759,2.493
9/28/2015,2.418,2.322,2.551,2.748,2.476
10/5/2015,2.415,2.318,2.545,2.748,2.492
10/12/2015,2.432,2.337,2.561,2.757,2.556
10/19/2015,2.374,2.277,2.505,2.705,2.531
10/26/2015,2.326,2.228,2.46,2.663,2.498
11/2/2015,2.322,2.224,2.455,2.66,2.485
11/9/2015,2.335,2.235,2.468,2.678,2.502
11/16/2015,2.281,2.178,2.42,2.633,2.482
11/23/2015,2.198,2.094,2.338,2.556,2.445
11/30/2015,2.165,2.059,2.308,2.529,2.421
12/7/2015,2.159,2.053,2.303,2.523,2.379
12/14/2015,2.144,2.037,2.287,2.509,2.338
12/21/2015,2.133,2.026,2.28,2.499,2.284
12/28/2015,2.141,2.034,2.29,2.506,2.237
1/4/2016,2.135,2.028,2.285,2.498,2.211
1/11/2016,2.104,1.996,2.253,2.469,2.177
1/18/2016,2.022,1.914,2.172,2.39,2.112
1/25/2016,1.965,1.856,2.118,2.337,2.071
2/1/2016,1.932,1.822,2.085,2.307,2.031
2/8/2016,1.87,1.759,2.025,2.247,2.008
2/15/2016,1.834,1.724,1.984,2.209,1.98
2/22/2016,1.837,1.73,1.983,2.205,1.983
2/29/2016,1.887,1.783,2.029,2.244,1.989
3/7/2016,1.943,1.841,2.081,2.294,2.021
3/14/2016,2.062,1.961,2.2,2.409,2.099
3/21/2016,2.109,2.007,2.248,2.461,2.119
3/28/2016,2.169,2.066,2.31,2.521,2.121
4/4/2016,2.185,2.083,2.323,2.532,2.115
4/11/2016,2.173,2.069,2.315,2.527,2.128
4/18/2016,2.24,2.137,2.378,2.59,2.165
4/25/2016,2.265,2.162,2.405,2.616,2.198
5/2/2016,2.342,2.24,2.482,2.693,2.266
5/9/2016,2.325,2.22,2.469,2.683,2.271
5/16/2016,2.345,2.242,2.485,2.7,2.297
5/23/2016,2.403,2.3,2.541,2.756,2.357
5/30/2016,2.44,2.339,2.574,2.788,2.382
6/6/2016,2.482,2.381,2.616,2.83,2.407
6/13/2016,2.499,2.399,2.632,2.842,2.431
6/20/2016,2.455,2.353,2.592,2.805,2.426
6/27/2016,2.432,2.329,2.57,2.785,2.426
7/4/2016,2.396,2.291,2.537,2.755,2.423
7/11/2016,2.359,2.253,2.501,2.721,2.414
7/18/2016,2.336,2.23,2.479,2.701,2.402
7/25/2016,2.289,2.182,2.434,2.656,2.379
8/1/2016,2.267,2.159,2.413,2.635,2.348
8/8/2016,2.256,2.15,2.398,2.621,2.316
8/15/2016,2.256,2.149,2.401,2.622,2.31
8/22/2016,2.299,2.193,2.441,2.664,2.37
8/29/2016,2.341,2.237,2.481,2.701,2.409
9/5/2016,2.329,2.223,2.468,2.698,2.407
9/12/2016,2.31,2.202,2.454,2.68,2.399
9/19/2016,2.333,2.225,2.481,2.706,2.389
9/26/2016,2.334,2.224,2.484,2.708,2.382
10/3/2016,2.354,2.245,2.506,2.726,2.389
10/10/2016,2.381,2.272,2.529,2.754,2.445
10/17/2016,2.367,2.257,2.516,2.742,2.481
10/24/2016,2.353,2.243,2.502,2.73,2.478
10/31/2016,2.341,2.23,2.493,2.719,2.479
11/7/2016,2.345,2.233,2.498,2.732,2.47
11/14/2016,2.298,2.184,2.455,2.691,2.443
11/21/2016,2.269,2.155,2.423,2.66,2.421
11/28/2016,2.268,2.154,2.423,2.657,2.42
12/5/2016,2.321,2.208,2.471,2.71,2.48
12/12/2016,2.347,2.236,2.494,2.732,2.493
12/19/2016,2.375,2.264,2.522,2.761,2.527
12/26/2016,2.419,2.309,2.561,2.799,2.54
1/2/2017,2.485,2.377,2.622,2.865,2.586
1/9/2017,2.496,2.388,2.636,2.874,2.597
1/16/2017,2.467,2.358,2.607,2.845,2.585
1/23/2017,2.436,2.326,2.578,2.817,2.569
1/30/2017,2.408,2.296,2.553,2.795,2.562
2/6/2017,2.405,2.293,2.552,2.79,2.558
2/13/2017,2.418,2.307,2.566,2.801,2.565
2/20/2017,2.414,2.302,2.564,2.798,2.572
2/27/2017,2.427,2.314,2.579,2.812,2.577
3/6/2017,2.452,2.341,2.604,2.833,2.579
3/13/2017,2.434,2.323,2.586,2.816,2.564
3/20/2017,2.433,2.321,2.587,2.816,2.539
3/27/2017,2.428,2.315,2.583,2.812,2.532
4/3/2017,2.471,2.36,2.622,2.851,2.556
4/10/2017,2.534,2.424,2.683,2.912,2.582
4/17/2017,2.546,2.436,2.694,2.927,2.597
4/24/2017,2.559,2.449,2.706,2.938,2.595
5/1/2017,2.522,2.411,2.673,2.907,2.583
5/8/2017,2.484,2.372,2.635,2.87,2.565
5/15/2017,2.481,2.369,2.634,2.867,2.544
5/22/2017,2.51,2.399,2.663,2.889,2.539
5/29/2017,2.516,2.406,2.665,2.894,2.571
6/5/2017,2.525,2.414,2.677,2.906,2.564
6/12/2017,2.479,2.366,2.633,2.865,2.524
6/19/2017,2.433,2.318,2.593,2.825,2.489
6/26/2017,2.404,2.288,2.565,2.799,2.465
7/3/2017,2.376,2.26,2.536,2.77,2.472
7/10/2017,2.411,2.297,2.569,2.798,2.481
7/17/2017,2.392,2.278,2.551,2.781,2.491
7/24/2017,2.426,2.312,2.582,2.816,2.507
7/31/2017,2.467,2.352,2.623,2.86,2.531
8/7/2017,2.492,2.378,2.644,2.882,2.581
8/14/2017,2.497,2.384,2.653,2.886,2.598
8/21/2017,2.474,2.36,2.631,2.865,2.596
8/28/2017,2.513,2.399,2.668,2.901,2.605
9/4/2017,2.794,2.679,2.946,3.191,2.758
9/11/2017,2.8,2.685,2.953,3.197,2.802
9/18/2017,2.75,2.634,2.906,3.151,2.791
9/25/2017,2.701,2.583,2.859,3.105,2.788
10/2/2017,2.682,2.565,2.841,3.085,2.792
10/9/2017,2.622,2.504,2.78,3.025,2.776
10/16/2017,2.605,2.489,2.764,3.003,2.787
10/23/2017,2.594,2.479,2.75,2.987,2.797
10/30/2017,2.602,2.488,2.76,2.994,2.819
11/6/2017,2.673,2.561,2.829,3.059,2.882
11/13/2017,2.706,2.592,2.865,3.092,2.915
11/20/2017,2.683,2.568,2.843,3.075,2.912
11/27/2017,2.648,2.533,2.81,3.043,2.926
12/4/2017,2.617,2.5,2.778,3.014,2.922
12/11/2017,2.601,2.485,2.763,3,2.91
12/18/2017,2.568,2.45,2.731,2.969,2.901
12/25/2017,2.589,2.472,2.749,2.985,2.903
1/1/2018,2.637,2.52,2.798,3.035,2.973
1/8/2018,2.639,2.522,2.802,3.04,2.996
1/15/2018,2.673,2.557,2.831,3.068,3.028
1/22/2018,2.684,2.567,2.845,3.085,3.025
1/29/2018,2.723,2.607,2.882,3.122,3.07
2/5/2018,2.753,2.637,2.914,3.149,3.086
2/12/2018,2.724,2.607,2.888,3.125,3.063
2/19/2018,2.676,2.557,2.843,3.082,3.027
2/26/2018,2.666,2.548,2.83,3.069,3.007
3/5/2018,2.679,2.56,2.845,3.084,2.992
3/12/2018,2.677,2.559,2.843,3.078,2.976
3/19/2018,2.716,2.598,2.881,3.114,2.972
3/26/2018,2.764,2.648,2.928,3.161,3.01
4/2/2018,2.817,2.7,2.979,3.212,3.042
4/9/2018,2.811,2.694,2.977,3.209,3.043
4/16/2018,2.863,2.747,3.025,3.256,3.104
4/23/2018,2.914,2.798,3.075,3.31,3.133
4/30/2018,2.961,2.846,3.117,3.353,3.157
5/7/2018,2.96,2.845,3.119,3.354,3.171
5/14/2018,2.949,2.873,3.212,3.452,3.239
5/21/2018,2.999,2.923,3.257,3.497,3.277
5/28/2018,3.039,2.962,3.296,3.536,3.288
6/4/2018,3.018,2.94,3.285,3.524,3.285
6/11/2018,2.989,2.911,3.259,3.495,3.266
6/18/2018,2.958,2.879,3.23,3.47,3.244
6/25/2018,2.913,2.833,3.189,3.432,3.216
7/2/2018,2.924,2.844,3.197,3.439,3.236
7/9/2018,2.937,2.857,3.207,3.454,3.243
7/16/2018,2.943,2.865,3.209,3.451,3.239
7/23/2018,2.911,2.831,3.18,3.426,3.22
7/30/2018,2.924,2.846,3.189,3.433,3.226
8/6/2018,2.93,2.852,3.191,3.435,3.223
8/13/2018,2.921,2.843,3.184,3.428,3.217
8/20/2018,2.9,2.821,3.171,3.407,3.207
8/27/2018,2.906,2.827,3.176,3.412,3.226
9/3/2018,2.903,2.824,3.175,3.416,3.252
9/10/2018,2.912,2.833,3.184,3.426,3.258
9/17/2018,2.921,2.841,3.194,3.435,3.268
9/24/2018,2.923,2.844,3.195,3.436,3.271
10/1/2018,2.947,2.866,3.223,3.468,3.313
10/8/2018,2.984,2.903,3.263,3.504,3.385
10/15/2018,2.961,2.879,3.249,3.488,3.394
10/22/2018,2.925,2.841,3.221,3.463,3.38
10/29/2018,2.896,2.811,3.196,3.437,3.355
11/5/2018,2.84,2.753,3.146,3.389,3.338
11/12/2018,2.773,2.686,3.086,3.326,3.317
11/19/2018,2.7,2.611,3.022,3.258,3.282
11/26/2018,2.63,2.539,2.965,3.203,3.261
12/3/2018,2.544,2.451,2.883,3.119,3.207
12/10/2018,2.511,2.421,2.842,3.079,3.161
12/17/2018,2.46,2.369,2.793,3.03,3.121
12/24/2018,2.413,2.321,2.75,2.987,3.077
12/31/2018,2.358,2.266,2.697,2.934,3.048
1/7/2019,2.329,2.237,2.662,2.906,3.013
1/14/2019,2.338,2.247,2.66,2.907,2.976
1/21/2019,2.34,2.251,2.661,2.902,2.965
1/28/2019,2.343,2.256,2.65,2.899,2.965
2/4/2019,2.341,2.254,2.644,2.895,2.966
2/11/2019,2.361,2.276,2.657,2.912,2.966
2/18/2019,2.4,2.317,2.688,2.94,3.006
2/25/2019,2.471,2.39,2.739,2.998,3.048
3/4/2019,2.502,2.422,2.768,3.02,3.076
3/11/2019,2.549,2.471,2.807,3.059,3.079
3/18/2019,2.625,2.548,2.879,3.135,3.07
3/25/2019,2.701,2.623,2.96,3.212,3.08
4/1/2019,2.77,2.691,3.034,3.286,3.078
4/8/2019,2.826,2.745,3.103,3.354,3.093
4/15/2019,2.912,2.828,3.198,3.449,3.118
4/22/2019,2.926,2.841,3.221,3.474,3.147
4/29/2019,2.972,2.887,3.27,3.523,3.169
5/6/2019,2.983,2.897,3.286,3.537,3.171
5/13/2019,2.954,2.866,3.258,3.514,3.16
5/20/2019,2.939,2.852,3.245,3.499,3.163
5/27/2019,2.909,2.822,3.212,3.471,3.151
6/3/2019,2.893,2.807,3.194,3.447,3.136
6/10/2019,2.821,2.732,3.134,3.383,3.105
6/17/2019,2.759,2.67,3.079,3.326,3.07
6/24/2019,2.741,2.654,3.051,3.3,3.043
7/1/2019,2.798,2.713,3.095,3.343,3.042
7/8/2019,2.827,2.743,3.117,3.366,3.055
7/15/2019,2.86,2.779,3.137,3.392,3.051
7/22/2019,2.833,2.75,3.116,3.368,3.044
7/29/2019,2.798,2.715,3.084,3.339,3.034
8/5/2019,2.772,2.688,3.062,3.317,3.032
8/12/2019,2.71,2.624,3.01,3.266,3.011
8/19/2019,2.684,2.598,2.982,3.24,2.994
8/26/2019,2.661,2.574,2.965,3.219,2.983
9/2/2019,2.651,2.563,2.96,3.215,2.976
9/9/2019,2.638,2.55,2.95,3.202,2.971
9/16/2019,2.64,2.552,2.95,3.203,2.987
9/23/2019,2.741,2.654,3.048,3.296,3.081
9/30/2019,2.737,2.642,3.082,3.341,3.066
10/7/2019,2.742,2.645,3.097,3.356,3.047
10/14/2019,2.727,2.629,3.085,3.345,3.051
10/21/2019,2.735,2.638,3.089,3.34,3.05
10/28/2019,2.692,2.596,3.046,3.298,3.064
11/4/2019,2.702,2.605,3.064,3.313,3.062
11/11/2019,2.711,2.615,3.067,3.321,3.073
11/18/2019,2.688,2.592,3.036,3.291,3.074
11/25/2019,2.672,2.579,3.015,3.264,3.066
12/2/2019,2.667,2.575,2.999,3.249,3.07
12/9/2019,2.652,2.561,2.981,3.23,3.049
12/16/2019,2.627,2.536,2.955,3.204,3.046
12/23/2019,2.621,2.532,2.943,3.191,3.041
12/30/2019,2.658,2.571,2.968,3.209,3.069
1/6/2020,2.665,2.578,2.973,3.214,3.079
1/13/2020,2.657,2.57,2.964,3.209,3.064
1/20/2020,2.625,2.537,2.94,3.183,3.037
1/27/2020,2.595,2.506,2.911,3.163,3.01
2/3/2020,2.546,2.455,2.872,3.125,2.956
2/10/2020,2.511,2.419,2.842,3.095,2.91
2/17/2020,2.518,2.428,2.841,3.091,2.89
2/24/2020,2.555,2.466,2.868,3.122,2.882
3/2/2020,2.514,2.423,2.838,3.093,2.851
3/9/2020,2.468,2.375,2.798,3.054,2.814
3/16/2020,2.343,2.248,2.689,2.941,2.733
3/23/2020,2.217,2.12,2.58,2.817,2.659
3/30/2020,2.103,2.005,2.473,2.716,2.586
4/6/2020,2.022,1.924,2.392,2.635,2.548
4/13/2020,1.951,1.853,2.316,2.562,2.507
4/20/2020,1.91,1.812,2.275,2.519,2.48
4/27/2020,1.87,1.773,2.226,2.478,2.437
5/4/2020,1.883,1.789,2.221,2.479,2.399
5/11/2020,1.941,1.851,2.257,2.519,2.394
5/18/2020,1.969,1.878,2.286,2.553,2.386
5/25/2020,2.049,1.96,2.363,2.618,2.39
6/1/2020,2.064,1.974,2.38,2.638,2.386
6/8/2020,2.123,2.036,2.434,2.686,2.396
6/15/2020,2.185,2.098,2.495,2.745,2.403
6/22/2020,2.216,2.129,2.521,2.773,2.425
6/29/2020,2.26,2.174,2.563,2.812,2.43
7/6/2020,2.265,2.177,2.571,2.821,2.437
7/13/2020,2.283,2.195,2.589,2.842,2.438
7/20/2020,2.275,2.186,2.584,2.836,2.433
7/27/2020,2.265,2.175,2.582,2.838,2.427
8/3/2020,2.266,2.176,2.587,2.834,2.424
8/10/2020,2.256,2.166,2.578,2.826,2.428
8/17/2020,2.256,2.166,2.577,2.829,2.427
8/24/2020,2.272,2.182,2.595,2.842,2.426
8/31/2020,2.311,2.222,2.629,2.877,2.441
9/7/2020,2.302,2.211,2.624,2.872,2.435
9/14/2020,2.274,2.183,2.6,2.851,2.422
9/21/2020,2.259,2.168,2.582,2.836,2.404
9/28/2020,2.259,2.169,2.583,2.831,2.394
10/5/2020,2.262,2.172,2.583,2.833,2.387
10/12/2020,2.257,2.167,2.579,2.829,2.395
10/19/2020,2.24,2.15,2.565,2.815,2.388
10/26/2020,2.234,2.143,2.559,2.81,2.385
11/2/2020,2.204,2.112,2.533,2.786,2.372
11/9/2020,2.188,2.096,2.517,2.771,2.383
11/16/2020,2.202,2.111,2.532,2.783,2.441
11/23/2020,2.194,2.102,2.525,2.779,2.462
11/30/2020,2.211,2.12,2.54,2.792,2.502
12/7/2020,2.246,2.156,2.567,2.82,2.526
12/14/2020,2.247,2.158,2.565,2.821,2.559
12/21/2020,2.311,2.224,2.618,2.871,2.619
12/28/2020,2.33,2.243,2.634,2.889,2.635
1/4/2021,2.336,2.249,2.639,2.895,2.64
1/11/2021,2.403,2.317,2.702,2.959,2.67
1/18/2021,2.464,2.379,2.759,3.014,2.696
1/25/2021,2.478,2.392,2.776,3.033,2.716
